message,category
what are the pre and post workout stretches,workout related
How was my day today?,generic statement
How many glasses of water should I drink,diet related
How is my protien intake today?,diet related
Is Glass noodles better or wheat noodles?,diet related
I am allergic to gluten. Can you give me dinner suggestion that includes a gluten free diet,diet related
Is beer better or orange juice?,diet related
What is beer sorbet?,diet related
Beer better or red wine?,diet related
What exercise should I do do have a flat tummy,workout related
What exercise should I do in order to have a flat tummy,workout related
How do I become thin,workout related
How do I become fit,workout related
Can I speak to a coach?,fitness expert related
Can I get a free consultation call?,fitness expert related
How do I do a plank?,workout related
Is poori better or roti?,diet related
What is the difference between phulkas and rotis,diet related
How to do a push up?,workout related
How to do a plank?,workout related
What are jumping jacks?,workout related
Suggest some good dinners for stamina building,diet related
Healthy dinner suggestion,diet related
You always give me the same options :(,generic statement
Give me a high protein dinner suggestion,diet related
Are laddus good for health?,diet related
What are some healthy snacks that you would suggest?,diet related
Coconut water or lime water?,diet related
Jalebi or laddu?,diet related
How to do push ups,workout related
How do I do push ups?,workout related
What is the difference between curd and yogurt?,diet related
Are yogurts and curd the same?,diet related
Is chakli good for health?,diet related
Vada pav better or dabeli?,diet related
Dabeli vs vada pav,diet related
Please show me the pfcf of vada pav and dabeli,diet related
I want vegetarian breakfast option,diet related
Can you suggest some vegetarian options for breakfast,diet related
hi what should I eat to increase my protein intake,diet related
hi can you help me break down my macronutrients to build muscles,workout related
What is my PFCF consumption so far,diet related
Beer vs beer,diet related
How does my bmi looks like?,fitness concern and queries
When should I check my weight?,fitness concern and queries
What should be bmi for height 7 inches,fitness concern and queries
Bmi for height 180cm?,fitness concern and queries
Ideal bmi for weight 80kgs,fitness concern and queries
What should be my ideal bmi,fitness concern and queries
how is my day,generic statement
how is my day,generic statement
how is my day,generic statement
what are some unhealthy foods I had yesterday,diet related
what are some healthy foods I had yesterday,diet related
what can I eat for snacks,diet related
how is my protein progress yesterday,diet related
how is my day,generic statement
how is my day yesterday,generic statement
what are some unhealthy foods I had yesterday,diet related
what are the healthy foods I had yesterday,diet related
what can I eat for snacks,diet related
Hi,generic statement
Order it,generic statement
I want to lose weight,fitness concern and queries
Order it,generic statement
I want to lose weight,fitness concern and queries
Suggest me an exercise,workout related
How to lose weight,fitness concern and queries
I want to focus on Diet,diet related
How can I sleep better,fitness concern and queries
Motivate me,generic statement
Suggest a snack,diet related
Can I have orange instead of mango,diet related
Hi how can you help,generic statement
Suggest an excercise,workout related
Suggest me a workout,workout related
Who are you,generic statement
How can you help,generic statement
Suggest me few fried foods,diet related
You are stupid,generic statement
How can I gain weight,fitness concern and queries
How was my day yesterday,generic statement
I need to lose weight,fitness concern and queries
I want to focus on Workout,workout related
Ya. Tell me an exercise which I can do easily,workout related
Post workout foods,diet related
How can you help,generic statement
How can I run faster,workout related
How do I motivate myself,generic statement
what should I be eating for dinner,diet related
Order it,generic statement
hi there how are you,generic statement
how is my day,generic statement
what is your name,generic statement
Did I have any unhealthy foods yesterday?,diet related
"Yes, Suggest me replacements for Samosa",diet related
What should I workout now,workout related
What should I eat for snack,diet related
Order it,generic statement
Can I have orange instead of apple,diet related
what should I have for a snack,diet related
what should I workout now,workout related
what should I eat if I have diabetes,diet related
what should I have while travelling to Bombay,diet related
orange or mango,diet related
what should I have for snack,diet related
order it,generic statement
I want to lose 20 kgs weight,fitness concern and queries
what are some healthy foods I ate yesterday,diet related
what were some of the high calorie foods I eat yesterday,diet related
suggest me a workout,workout related
what should I eat when I am at office,diet related
I don't like swimming,workout related
I don't like swimming,workout related
you're not getting me,generic statement
you are not understanding me,generic statement
I want to get fit and healthy but I don't know what to do,fitness concern and queries
I want to lose weight and I want to be healthy again,fitness concern and queries
what should I eat for weight loss,diet related
what exercises should I do if I want to lose 10 kgs,workout related
what should I eat to lose belly fat,diet related
What exercise should I do if I want to lose fat on my arms,workout related
I don't have time to follow a workout plan,workout related
I am too lazy to workout,workout related
I am unable to lose weight,fitness concern and queries
give me a diet plan to lose weight,diet related
can I talk to a coach,fitness expert related
I know coach is good enough,fitness expert related
how will a premium plan help me,plan and subscription related
give me directions to feel energetic,fitness concern and queries
what exercises should I do to have a flat tummy,workout related
can I eat cashew nuts,diet related
Tell me about dosa,diet related
What should I workout now,workout related
Tell me about orange,diet related
Which is better? Mango or orange,diet related
What is my steps progress,generic statement
How healthy is idli,diet related
What are the unhealthy foods I had yesterday..m,diet related
Healthy foods I had today?,diet related
how much should I sleep on daily basis,fitness concern and queries
you are not understanding me,generic statement
you are not able to understand me,generic statement
you are not understanding me,generic statement
you are not understanding me,generic statement
Tell me about idli,diet related
how are you,generic statement
what should I eat today,diet related
tell me some protein sources,diet related
this is cardio,workout related
now tell me strength exercises,workout related
can you send me a General diet plan,diet related
what is a paleo diet,diet related
are these diet healthy,diet related
can you connect me to a coach,fitness expert related
help me lose weight,workout related
I want to focus on Workout,workout related
Motivate me to workout,workout related
send me a diet plan,diet related
Motivate me to workout,workout related
can I go for a keto diet,diet related
can I take whey protein,diet related
what should I eat when I travel,diet related
if I have Hypothyroid hyperthyroid what should I eat,diet related
what for hyperthyroid,fitness concern and queries
Did I have any unhealthy foods today?,diet related
can I sleep,fitness concern and queries
I don't like cardio,workout related
how often should I workout,workout related
Give me a workout that will help me meet my goal,workout related
Yes. Suggest me a workout to Be Fitter.,workout related
Tell me some pre-workout stretches,workout related
I want to reduce fat,fitness concern and queries
I am eating pasta,diet related
now I am eating poha,diet related
hi Riya can you tell me what should be my calorie consumption daily,diet related
can you help me with foods rich in protein,diet related
what could help me to increase my metabolic rate,fitness concern and queries
how often should I workout to lose weight,workout related
I have painful nice can I do workout,workout related
I have 10 painful me can I do workout,workout related
what could be the best time to do workout,workout related
can walking help me to reduce weight,workout related
how many steps should I walk daily,workout related
Can you tell me how to skip,workout related
Ya. Tell me an exercise which I can do easily,workout related
how frequently should I eat throughout the day,diet related
how much should I workout for day,workout related
what are vegetarian sources of protein,diet related
what could be vegetarian options of protein,diet related
What kind of dessert has lowest fat content,diet related
can you suggest me something to lose belly fat,workout related
could you suggest something for my diet,diet related
antioxidant rich foods,diet related
biscuit is good for health,diet related
what should I eat for dinner,diet related
but I don't like Baingan Bharta,diet related
can I drink milk at night,diet related
so I can't drink for at night,diet related
Vitamin E rich food,diet related
calcium rich foods,diet related
how much water should I drink,diet related
Is it okay to skip breakfast sometimes,diet related
what should I have for dinner,diet related
suggest a sugar free snack,diet related
what are the unhealthy foods I had yesterday,diet related
paneer,diet related
how to increase protein intake,diet related
suggest a healthy dessert,diet related
is a keto diet advisable,diet related
I am not too fond of skipping,workout related
Suggest me a healthy drink right now,diet related
Help,generic statement
Can i drink coke for now,diet related
Looking for diet sugar,diet related
Suggest me juice with honey,diet related
Hello,generic statement
Hey rua,generic statement
"Hey Amadeus, who are you",generic statement
Help me today,generic statement
Pizza today,diet related
Suggest me some foods with fibre,diet related
Coconut water vs lemon juice,diet related
what should I have for dinner today,diet related
how can I increase my protein intake,diet related
how many calories should I consume in a day,diet related
what's my daily calorie budget,diet related
how many hours of sleep should I have,fitness concern and queries
how can I reduce belly fat,fitness concern and queries
what's my current BMI,fitness concern and queries
in how much time can I gain 10 kgs of weight,workout related
how can I build muscles without lifting weights,workout related
show my weight graph,fitness concern and queries
who made healthifyme me app,plan and subscription related
how can I renew my healthy five year plan,plan and subscription related
how many calories 1 cup of tea has,diet related
Order it,generic statement
connect to my coach,fitness expert related
I want to subscribe premium plan,plan and subscription related
healthy five me premium plans prices,plan and subscription related
how many minutes should I exercise daily,workout related
Give me a workout that will help me meet my goal,fitness expert related
Yes. Suggest me a workout to Be Fitter.,fitness expert related
to reduce weight how much should I consume and how much should I burn,workout related
can I exercise today,workout related
how should I have flax seeds in my diet,diet related
should I eat apple raw or have apple juice,diet related
acyclic benefits of tea and coffee,diet related
green tea vs normal tea,diet related
cow milk vs buffalo milk,diet related
exercise during menstrual cycle,workout related
which exercise should I do during periods,workout related
what should I have for dinner,diet related
can I do hundred squats,workout related
how much water should I have today,diet related
hi we are who are you,generic statement
hello,generic statement
what should I eat,diet related
Order it,generic statement
how much protein should I intake,diet related
hi,generic statement
how much protein should I take,diet related
how much calories should I burn,diet related
can you help me,generic statement
what can I eat for dinner tonight,diet related
how can I lose weight,fitness concern and queries
what should be my calorie budget,workout related
how many calories should I take per day,diet related
so how was my food logs today,diet related
what should I eat for dinner,diet related
can you order it for me,generic statement
can I try eating whole chicken grill for dinner today,diet related
what about having Idli and dosa,diet related
how about how about having 12 eggs today,diet related
will walking for 1 hour a day help me lose weight,workout related
where will playing football once a week help me reduce weight,workout related
how much of protein should I have daily,diet related
how much protein should I intake daily,diet related
what should I eat for protein,diet related
what are the best protein sources,diet related
should I eat Dosa or idli,diet related
tell me the calorie count of 1 Fried Chicken,diet related
can I eat rice for dinner,diet related
can I have rice for dinner,diet related
can you suggest me a quick snack,diet related
can you suggest me some options of evening snacks,diet related
can you give me brief outline about Ketone diet,diet related
hi Ria how many steps should I take in a day,workout related
hi Dr can you tell me my ideal weight,fitness concern and queries
should I check my weight on a daily basis,fitness concern and queries
"Sure, Tell me how to lose weight",fitness concern and queries
I want to know about diet and activity,diet related
Importance of working out,workout related
I want to talk to customer support agent,plan and subscription related
can you tell me about your premium plans,plan and subscription related